{"cameraMode":{"drawMode":0,"name":"Shaded","section":"Shading Mode"},"sceneLighting":false,"audioPlay":false,"sceneViewState":{"m_AlwaysRefresh":false,"showFog":true,"showSkybox":false,"showFlares":true,"showImageEffects":true,"showParticleSystems":true,"showVisualEffectGraphs":true,"m_FxEnabled":true},"in2DMode":false,"pivot":{"x":-0.4480058550834656,"y":0.21502164006233216,"z":0.3468882143497467},"rotation":{"x":-0.38239824771881106,"y":-0.23434555530548097,"z":0.1009075790643692,"w":-0.8880716562271118},"size":1.688150405883789,"orthographic":false}